user_id,username,user_location
1,xeml2017,
2,Discover67731327935,
3,sanjayd384,"New Delhi, National Capital Territory of Delhi"
4,801ektad,
5,mbengs2023,
6,Phoenix_UAE,"Downtown Dubai, Dubai, Emirate of Dubai"
7,mattbR6945JQ,
8,Naseralsabea7,
9,DeeJayKay2024,"Lincoln, Lincolnshire, England"
10,974amadim,
11,ferzendes2024,
12,Z2818RZalia,
13,hannio2023,
14,Samsue2015,"Kuala Lumpur, Wilayah Persekutuan"
15,dinas915,"London, England"
16,596prasadt,
17,raghup691,
18,Zed2424,"Leicester, Leicestershire, England"
19,steview411,"Warrington, Cheshire, England"
20,Nomad11213340810,
21,721hudas,
22,FelixMai10,"Ho Tram, Phuoc Thuan, Ba Ria-Vung Tau Province"
23,P8175SIemana,
24,K7234UWralphh,
25,225kanikak,
26,manuelay2019,"Los Angeles, California"
27,Sinoevna,"Dubai, Emirate of Dubai"
28,503aislinnt,
29,U9190GEsvetlanak,
30,murtazas748,
31,826coletteb,
32,susandW7706FJ,
33,samerAfarah,"Dubai, Emirate of Dubai"
34,Louisjewell,"Loughborough, Leicestershire, England"
35,sandwipf,
36,806thora,
37,ChandraP418,
38,Wander48836979982,
39,279navinb,
40,manekakhanna,"New Delhi, National Capital Territory of Delhi"
41,katinac796,
42,incognitol2024,
43,157candices,
44,moksudm,"Romford, Greater London, England"
45,B9361EVkhaleda,
46,Trizah_11,
47,Venture51819489403,
48,ayaeR2130VL,
49,664praveenn,
50,Global801478,
51,471darreno,
52,883jomc,
53,lindabM4572AX,
54,626arunak,
55,SultanbekBazarbaev,
56,samwK747XJ,
57,347keanv,
58,661sephs,
59,O4081JPcelinac,
60,363mikas,
61,rajarshipanigrahi,"Dubai, Emirate of Dubai"
62,sharonbE1756KM,
63,susankG1279VX,
64,Voyage15509241058,
65,_Q6155NS,
66,I133DJronnies,South Carolina
67,LJD1971,"Stockport, Greater Manchester, England"
68,Getaway58006753498,"Abu Dhabi, Emirate of Abu Dhabi"
69,shikhahm2024,
70,Passenger37279652010,
71,travellet01,"Abu Dhabi, Emirate of Abu Dhabi"
72,V682ELchristopherp,
73,altifridw,"Dar es Salaam, Dar Es Salaam Region"
74,Jrey94,"Nogent-sur-Marne, Val-de-Marne, Ile-de-France"
75,jay1987uk,"London, England"
76,simonr990,"Bedfordshire, England"
77,Rupinskajulia,"Dubai, Emirate of Dubai"
78,Z3822UDleahm,
79,Wanderer13234757615,
80,Mohammedmat,
81,andreasmichaelf2018,
82,deyalak,
83,jacquelineanni2023,
84,terryo460,
85,hoshiarm566,
86,429alin,"Greater London, England"
87,st0ppal82,
88,sonjal360,"Blackmans Bay, Greater Hobart, Tasmania"
89,deasypuri,
90,Q2338COalis,
91,e6sm,"Dubai, Emirate of Dubai"
92,olih781,
93,ahmedjB1553KK,
94,591aurielr,
95,jamiei925,
96,mrva2024,
97,217ilyab,
98,sylwias340,"London, England"
99,736evelinas,
100,284zahidulh,
101,818akasha,
102,554shahrukha,
103,FahadAlhaji78,
104,E3848JHalim,
105,982swarupm,
106,hafm2024,
107,anisas646,
108,I4128SSmustafae,
109,mondherk208,
110,291priyar,
111,866laytha,
112,E5657PDmohamedy,
113,Eugeniuco,"Tashkent, Tashkent Province"
114,RabihF,
115,sultanaQ9215DL,
116,S7484BPmariay,
117,acapobianchi,"Dubai, Emirate of Dubai"
118,775aidanaa,
119,U9440UBanwara,
120,144dayanan,
121,280yousefm,
122,Shriyantha,
123,462abdulkareems,
124,rjtsharma,
125,Coastal14548024596,
126,nohab761,
127,Happiness54721444672,
128,amania633,
129,Culture07497078920,
130,U8934VJhelenae,
131,samarairena1,"Samara Oblast, Volga District"
132,mollyback,"Fresno, California"
133,_S8133HE,
134,yluaj,
135,multibrandsf,
136,shabbalo,
137,Departure581654,
138,blessedjoygadlan,"Dubai, Emirate of Dubai"
139,AljawharLamya,
140,_P3852XU,
141,L9714NPnataliak,"Chelyabinsk, Chelyabinsk Oblast, Urals District"
142,M8179FF_,"Dubai, Emirate of Dubai"
143,Prasad_Nooyi,
144,98sherinea,
145,ameera900,
146,ahmadaR9636YE,
147,sultanaV7283NR,
148,vukt2021,"Dubai, Emirate of Dubai"
149,Y3656IXnoora,"Sharjah, Emirate of Sharjah"
150,18elleh,
151,930juergenj,
152,jijidelmar1988,"Dubai, Emirate of Dubai"
153,GKHV1,
154,ElzaFark,
155,Gateway3,"London, England"
156,Jenniambyth,"Wokingham, Berkshire, England"
157,189bekhruza,
158,yousiff408,"Abu Dhabi, Emirate of Abu Dhabi"
159,markgU2862ZE,"Portsmouth, Hampshire, England"
160,A2566FE_,
161,AlexTrinity,"Pisa, Province of Pisa, Tuscany"
162,93nastyat,
163,8mikav,
164,sayatz2024,
165,p_henger,
166,G4CSF,
167,167rossi,
168,Tarek57999,
169,Jet12169471493,
170,F4638CCmichaelm,
171,maryammS2684WN,
172,Navigator34329404052,
173,snasra281770,
174,pustip2024,
175,F2736GN_,
176,_O6755SL,Georgia
177,pandik28,"Ajman, Emirate of Ajman"
178,W1044TV_,
179,chiddyboy3,
180,Abdmoe,
181,OmarKindi,
182,V5769EYkimg,
183,abdulsI6975HR,
184,R6751PB_,
185,A9501EX_,
186,Sightseer04926787964,
187,H8214HI_,
188,151lolak,
189,annatE4484SF,
190,932rajih,
191,Compass15974230918,"Sharjah, Emirate of Sharjah"
192,Climber13258839671,
193,kylek14,"Moscow Oblast, Central Russia"
194,dianeaguila02,"Dubai, Emirate of Dubai"
195,495abders,
196,171hamdank,
197,danilojrr88,"Abu Dhabi, Emirate of Abu Dhabi"
198,angelicalrz15,"Ajman, Emirate of Ajman"
199,521zaheerk,
200,F1458QBmarkm,
201,419margieb,
202,jeremaiahb,
203,MuniraAli,"Dubai, Emirate of Dubai"
204,zoltant390,
205,CCOrin,"Dubai, Emirate of Dubai"
206,llyc2024,
207,NavalBedi,Emirate of Dubai
208,Navigate09661564508,
209,aminek724,
210,ramiaM242EU,
211,718halas,
212,DayTrip63199965093,
213,humaido,
214,daniam852,
215,Jodiegrutters1,"Abu Dhabi, Emirate of Abu Dhabi"
216,CCtravelbee,"Dubai, Emirate of Dubai"
217,deepakrG8083CF,"Sharjah, Emirate of Sharjah"
218,ahmedaK253XI,Saudi Arabia
219,giftonsavari,
220,narendrasH6735GC,
221,MattandFayeFoster,United Arab Emirates
222,Journey43096032378,
223,651sharlab,
224,Q1168HYtraceyw,
225,Aqsher,"Dubai, Emirate of Dubai"
226,191mjl,
227,sumeshk2014,"Dubai, Emirate of Dubai"
228,TravelsMoonlight,
229,KotsekhoNoora,United Arab Emirates
230,yousram550,"Dubai, Emirate of Dubai"
231,Mabelgoulden565,
232,ahmedaQ7984CW,
233,ericc781,"Bacolod, Negros Occidental, Negros Island, Visayas"
234,rOhAaNtRaVeL,"Dubai, Emirate of Dubai"
235,Explorer585076,
236,t_f_m2018,
237,TheWeekendAngler,"Dubai, Emirate of Dubai"
238,geninealyssa,"Dubai, Emirate of Dubai"
239,mohammadjawabrey,"Dubai, Emirate of Dubai"
240,anasaJ601WB,"Muscat, Muscat Governorate"
241,461rashedk,
242,21sanaa,"Sheffield, South Yorkshire, England"
243,Companion765836,"Jeddah, Makkah Province"
244,Hannibal75,Kuwait
245,737ashal,
246,555shraddhag,
247,sherlor2024,"Dubai, Emirate of Dubai"
248,Departure476507,
249,664mashas,
250,W1080FJemmat,
251,rekad2023,"Sharjah, Emirate of Sharjah"
252,_H335PW,
253,E8730TIalenaa,
254,903ofeliyaa,
255,_Z7454RO,
256,Y7955VLpavelk,
257,vijesh23,Chandigarh
258,romsan14,"Abu Dhabi, Emirate of Abu Dhabi"
259,rahuljB9570RV,
260,Compass58003785187,
261,bravemanc2024,
262,nazreenfaiz,
263,JerLee13,"Metro Manila, Luzon"
264,jalhotari,"Ajman, Emirate of Ajman"
265,927dalp,
266,aisham691,
267,511aishwaryam,
268,GlobeTrotting378316,"Venice, Veneto"
269,U5089OVanila,
270,Climber19407104807,
271,DashaLonskaya,Minsk
272,Flyer801569,
273,rizwana693,
274,AhmedWhed,"Dubai, Emirate of Dubai"
275,X4606YPmohameda,
276,asC11TA,
277,ngwes2024,
278,wasemk2024,
279,208fatimai,
280,Saeeda2486,"Abu Dhabi, Emirate of Abu Dhabi"
281,jeremiahcalebh,
282,Sightsee47304938876,
283,Matrooshi737,
284,Navigator670998,
285,933mmf,
286,hali205605,
287,D2243FQjamesm,
288,900martynao,
289,Getaway48510897511,
290,Passport597990,"Dubai, Emirate of Dubai"
291,N8937HA_,
292,271shivak,"Dubai, Emirate of Dubai"
293,404harryo,
294,ndt1967,"Kaisariani, Attica"
295,Ndefo88,"Dubai, Emirate of Dubai"
296,SadiyyaH1,
297,471sabinet,
298,Pioneer53647659775,"Turku, Southwest Finland"
299,JAHayward,"Llandysul, Ceredigion, Wales"
300,Sightsee41960028783,
301,mmukesh82,
302,shalymarm2024,
303,lynnkibathi,"Dubai, Emirate of Dubai"
304,Vacation00845078498,
305,Wander56599872106,
306,constantinea132,
307,Dreamer356181,
308,Surojitsa,"Sharjah, Emirate of Sharjah"
309,samerr272,
310,N7902YO_,
311,242farrukhk,
312,CTS66,"Dubai, Emirate of Dubai"
313,NorthStar50212875828,"Moscow, Central Russia"
314,tylerbJ671IU,
315,214devinders,
316,abanobr2021,
317,Goaroundtheearth,Emirate of Dubai
318,NasserMalek,
319,303munishs,
320,rosells2024,United Arab Emirates
321,727irfanl,"Ras Al Khaimah, Emirate of Ras Al Khaimah"
322,962amarjeets,
323,haristelaviv,Israel
324,Usher101,
325,monikakI1072OF,"Sharjah, Emirate of Sharjah"
326,817ridar,
327,BMihai,
328,hanasK6477TF,
329,irinaiH5093AC,
330,Q6931DJveras,
331,salehaB986AE,
332,lvbnhbql,"Moscow, Central Russia"
333,daiealshamb,
334,divyaupadhayay,
335,Deepikanarayan2911,"Muscat, Muscat Governorate"
336,_C8622AK,
337,Fearless664678,
338,401maryjoye,
339,615ejask,
340,sadiqk649,
341,891bhagyas,
342,bexythepirate,"Yeovil, Somerset, England"
343,780lalc,
344,sunilc822,
345,extreemz,
346,J849VWmichaelm,
347,Culture58925720853,Doha
348,116audreyw,
349,sarah075,"Somerset, England"
350,sk-ilu,
351,BOABID,Doha
352,183ninge,"Henderson, Nevada"
353,Sayneeeb,
354,bunasser99,Al Janabiyah
355,720sairamr,
356,malynee2019,Doha
357,anasaJ440QC,
358,lizalO1948VB,
359,104kelvink,Nairobi
360,alqahtani2002,
361,TylerHamilton67,
362,abk0110,Doha
363,ranwals,
364,Pierrejdippenaar,
365,951amnak,
366,478arianag,Doha
367,424dianamariaa,
368,mohammedsG3955PM,
369,684aigerima,
370,828nidam,
371,228cerene,
372,Camper517334,
373,Scodge,"Sheffield, South Yorkshire, England"
374,Compass13094339357,
375,D1576SCstephenb,
376,T5960KFpriyas,
377,TruongThuTrang,
378,karenaV5372TZ,
379,745ahmedl,
380,123ruba,"Amman, Amman Governorate"
381,Go25710284933,
382,Camper122928,
383,347gbengas,
384,625monaf,
385,DayTrip30924536567,
386,Excursion41017311846,
387,835ghassand,Saudi Arabia
388,J88MBM,"Southend-on-Sea, Essex, England"
389,Krisanthgg,
390,MohaSalman,
391,Ritajiaia1,
392,mandlreidy,
393,arR5395TB,
394,477ikrame,
395,roseller406,
396,lorenzorW3481ON,
397,GoPlaces468540,
398,cathlim13,
399,AA-Q108,"London, England"
400,saabiraha2024,
401,Happiness00206739329,
402,margauxdee,"Sydney, New South Wales"
403,LeGrandVoyage2011,"London, England"
404,Roam36141245599,
405,V7823SCmargaretm,"Chadds Ford, Pennsylvania"
406,joanfB930SZ,
407,Y5240ADlisas,
408,marijak720,
409,32abdallai,"Cairo, Cairo Governorate"
410,Sedoooo0o0,
411,Katyoshk9,
412,Sightsee58476038539,
413,K8302OTyogeshs,
414,Odyssey43544014883,
415,Compass67349047651,
416,Sightsee47055149309,
417,tfatima2024,Doha
418,mosesn545,
419,NorthStar32814390143,
420,rodgersd610,"London, England"
421,xavierpetipasfs,
422,912luluya,
423,mdh691,
424,mesferq2024,
425,mohammadaW9840TD,
426,35yoyoy,
427,sarolina,
428,545khadijan,
429,najibas2024,
430,shaakira999,"Johannesburg, Greater Johannesburg, Gauteng"
431,soudy74,"Oshawa, Ontario"
432,Asimshadab,"Muscat, Muscat Governorate"
433,PrashantSwiss,Geneva
434,richardrS1823EI,"Tirana, Tirana County"
435,grancanfan1,
436,Munaalfarsioo7,"Ibra, Ash-Sharqiyah Governorate"
437,H1197VS_,
438,Dream537116,
439,yuliamC9633QJ,
440,B4339CDalexanders,
441,anas_lviaf2024,
442,alshaimas,"Suez, Suez Governorate"
443,Adventure19436891732,
444,SameerC148,
445,FamiljenBerglund,
446,sahedap2022,
447,786humaj,
448,Mobile18456538836,
449,aymanaC5161DT,
450,F7036FLabdulh,
451,Tayyeb,"Cardiff, South Wales, Wales"
452,mrsyobi,
453,skp9000,
454,230clares,"East Anglia, England"
455,Khsou,
456,sukirankhurmy,"London, England"
457,843heikev,
458,K3843TCsarah,
459,katherinehP5631HG,
460,trevormO1188NZ,
461,moazamd2021,Qatar
462,Zuhaina_z,
463,teacherm0m,"Washington DC, District of Columbia"
464,monhwan,Luzon
465,202fredier,
466,LRMcK,"Cairns, Cairns Region, Queensland"
467,Odyssey16170284882,
468,TheInsomniacdiaries,
469,M8970XHmarkp,County Donegal
470,PaulieJC,
471,33mahmoudn,
472,Omkumar_Shah,"Mumbai, Maharashtra"
473,R6926QHrobv,
474,Andie75,"Tamworth, Staffordshire, England"
475,D8674PSrobp,"Oviedo, Florida"
476,travellinghorn,"Tetbury, Cotswolds, England"
477,rsprenger,"Dubai, Emirate of Dubai"
478,eyasw2023,
479,Ahmed02018,"Dubai, Emirate of Dubai"
480,johnmrollings,
481,davidtH7804VG,"Delray Beach, Florida"
482,928ahsank,
483,P1391QDaa,
484,Resort48558798538,
485,Maps29892841535,Kuwait
486,MazzFoodie,
487,443kuanc,
488,_mers78,
489,TapasP72,
490,yousefbaalbaki,"Jeddah, Makkah Province"
491,Maps46045580049,"Rabat, Rabat-Salé-Kenitra"
492,khaledaU674HY,
493,Canada54travel,"Ontario's Thousand Islands, Ontario"
494,3gavina,Bahrain
495,statoRou,"Glendale, California"
496,naruto997,"London, England"
497,popecorn,"London, England"
498,krzys1970,"Warsaw, Mazovia Province, Central Poland"
499,Milano_my_home,United States
500,fira2007,"Vancouver, British Columbia"
501,peterv662,"Riyadh, Riyadh Province"
502,tavonpetteway,
503,434chas24,
504,frevilla2024,
505,mohamedeW9513OR,
506,feridun396,Ankara
507,E5500WDabdullaha,"Riyadh, Riyadh Province"
508,SaudiBM,
509,291ghadia,
510,M7636XLmaryn,"Riyadh, Riyadh Province"
511,560applel,
512,maridingm,
513,blus129,
514,bapakrich,"Riyadh, Riyadh Province"
515,_B219XB,
516,_H8739KX,
517,kittym826,
518,ahmednL1019CP,"6th of October City, Giza Governorate"
519,RamadanI8,"Cairo, Cairo Governorate"
520,860kingl,"Rome, Lazio"
521,11mohamed11,"Cairo, Cairo Governorate"
522,maryhU2788BX,
523,RandySessions,"Derby, Kansas"
524,74eddiew,"Houston, Texas"
525,juliesG1789IK,
526,kimberlysR3603FM,"Kansas City, Missouri"
527,alexpressed,"London, England"
528,vljackson86,"Mingo Junction, Ohio"
529,Kpoe42,"Ripley, West Virginia"
530,teamfriend21,"Toronto, Ontario"
531,HeidiTingstad,"Troy, Michigan"
532,ravengirl2008,"Ravenna, Ohio"
533,bowwowp,
534,harley28356,"Apex, North Carolina"
535,Go195649,"Charlotte, North Carolina"
536,CRadtke1,
537,V4576UGandyb,"Kaplan, Louisiana"
538,walaa81,"The Hague, South Holland Province"
539,ChristianTVC,"Subang Jaya, Petaling District, Selangor"
540,jeremaestro,Singapore
541,kokoivis,"Pittsburgh, Pennsylvania"
542,lesleym743,"Sydney, New South Wales"
543,BevR148,"Barnoldswick, Lancashire, England"
544,lylyb_08,Nairobi
545,Rmwanga,Nairobi
546,Jay_wayne5,
547,Namdahtours,"Lavington, Nairobi"
548,petercliftonbristol,"Dubai, Emirate of Dubai"
549,Justine186332,"Nottingham, Nottinghamshire, England"
550,adrianr285,"Somerset, England"
551,Gaz294,"Mold, Flintshire, North Wales, Wales"
552,scottpH8438NQ,United Kingdom
553,bonvoyageEssex,
554,205shabanay,
555,Nige897,"Essex, England"
556,nathanmD4356CB,
557,joeyp396,"Reading, Berkshire, England"
558,katmC7877WJ,
559,Cruiser57166247749,
560,Adventure31139868404,"Tenby, Pembrokeshire, Wales"
561,P4386ZXmehdib,
562,darlenemS6673HV,
563,joshuafT1028CB,
564,L6796DJanetak,
565,susoh2024,
566,zuhram2020,
567,997eddied,"Arbroath, Angus, Scotland"
568,petrf860,
569,485pennyc,"Hedge End, Hampshire, England"
570,654suellam,"Hertingfordbury, Hertfordshire, England"
571,U4049BYhelenas,
572,spudDorset,"Isle of Portland, Dorset, England"
573,SleepingJup,Vienna
574,Departure03294813221,
575,Escape665285,
576,psych4travel,"Fort Worth, Texas"
577,fromBucharest,Bucharest
578,GinoF_11,"Casablanca, Casablanca-Settat"
579,Robertsghs,"Greenwood, Indiana"
580,963lindseyg,"Los Angeles, California"
581,Tour59511412827,
582,raybyerley,"Mandeville, Louisiana"
583,jamiepG1879SN,
584,R9733HWpeters,
585,D452FNdeborahs,"Ramsey, Minnesota"
586,sandhillsgal,
587,debmC3697SI,
588,MNLorus,
589,253suniln,
590,573maggiem,"Mulwala, New South Wales"
591,Pacipappa,"Jackson Hole, Wyoming"
592,PVVVV,"McMinnville, Oregon"
593,Ballner,"St. Wolfgang, Upper Austria"
594,KMBastirmaci,Ankara Province
595,qmauto79,
596,usmanmanj,
597,mohdaN9208MY,
598,48aliar,
599,NorthStar14682122975,
600,895viktoriae,
601,Resort820778,
602,B6576UOmichaels,
603,Venture33975181297,"Dubai, Emirate of Dubai"
604,hankir_salah,"Riyadh, Riyadh Province"
605,maryechong,
606,stentravellers,"Dubai, Emirate of Dubai"
607,PatK_70,"Dublin, County Dublin"
608,davidadubai,"Dubai, Emirate of Dubai"
609,JehadAlrehaili,"Jeddah, Makkah Province"
610,Mukherjee431,
611,Daniash11,"Jeddah, Makkah Province"
612,Inspire796737,
613,madamjackie,"Bardwell, Bury St. Edmunds, Suffolk, East Anglia, England"
614,Retomila,"Bern, Bern Mittelland District, Canton of Bern"
615,SalehBalbaid,"Jeddah, Makkah Province"
616,wael1286,Saudi Arabia
617,krystapalma,
618,MohammedQuttaineh,"Jeddah, Makkah Province"
619,mohammedsaifa,"Taif, Makkah Province"
620,talalzahid,"Jeddah, Makkah Province"
621,nabajyotib2015,"Guwahati, Kamrup Metropolitan District, Assam"
622,abdelwahab83,
623,Snoori_13,"Jeddah, Makkah Province"
624,AmrD419,"Jeddah, Makkah Province"
625,coolgirl0014,"Tabouk, Tabuk Province"
626,Flyer49088127740,"Medina, Al Madinah Province"
627,2assemh,"Jeddah, Makkah Province"
628,Mezoi3,
629,bluebay06,"La Spezia, Province of La Spezia, Liguria"
630,KrisPrem,Doha
631,NAJMANDALEEB,"Jeddah, Makkah Province"
632,TAIN2013,"Riyadh, Riyadh Province"
633,mzaki07,Jizan Province
634,Sultanbahkali,
635,MetrekAlMetrek,"Khamis Mushait, Asir Province"
636,Mss007,"Jeddah, Makkah Province"
637,Alakelm,"Jeddah, Makkah Province"
638,JFrankmac,"Playa Flamenca, Orihuela, Province of Alicante, Valencian Community"
639,KTRutland,"Rutland, England"
640,sathika2016,
641,BuNawaf,"Al Khobar, Eastern Province"
642,afwshgtn,"Bethesda, Montgomery County, Maryland"
643,cecca-Armando-poggi,"Poggibonsi, Tuscany"
644,Ashraf1959,"Jeddah, Makkah Province"
645,Mfaabdo,
646,dooseyUk,"Richmond, North Yorkshire, England"
647,binshakir,"Jeddah, Makkah Province"
648,Luzzie1958,
649,lamya_albawardi,"Dubai, Emirate of Dubai"
650,P4307PLmohammeda,"Scranton, Pennsylvania"
651,domingojmendozar,"Coro, Central-Western Region"
652,Tathleeth,
653,D7des,"Abha, Asir Province"
654,Shaimmaa,"Jeddah, Makkah Province"
655,lafforgue,Brussels
656,778khaladh,"Greater London, England"
657,zoroz322,
658,antdej,"Skopje, Skopje Region"
659,Scottkjs,"Kent, England"
660,muhammadsF1045AC,
661,RobertW62,"Toronto, Ontario"
662,H3432HLahmedk,"Riyadh, Riyadh Province"
663,allazehy,
664,AhmadH2843,Kuwait City
665,bilalaO7913XW,
666,596prg,
667,deryaatasoylu,Kuwait City
668,646muniraa,
669,S3359KRahmede,
670,Happiness28886143788,
671,795najlaa,
672,mohamedymosh,"Johannesburg, Greater Johannesburg, Gauteng"
673,mrr770,"Salalah, Dhofar Governorate"
674,nskliebo,"Amman, Amman Governorate"
675,Nagesh6126,"Udupi, Udupi District, Karnataka"
676,Sanket2024,Kuwait City
677,432pankajr,
678,Raed-engineer,Saar
679,fat113,"Paris, Ile-de-France"
680,mohammedh585,
681,Saran6274,Kuwait City
682,2019CP,
683,Guide496228,
684,K6107DYsameha,
685,abdelrahmanhassang,"Al Khafji, Eastern Province"
686,vesta112,"Muscat, Muscat Governorate"
687,rubyrain123,"Birmingham, West Midlands, England"
688,mfwonders,"Abu Dhabi, Emirate of Abu Dhabi"
689,fatin,"Manchester, Greater Manchester, England"
690,lkss2018,"Duisburg, North Rhine-Westphalia"
691,F9332DGclairej,
692,TheTravellingSurgeon,"Bradfield, Manningtree, Essex, England"
693,clodi103,
694,U6887HFmartinh,"Newton Abbot, Devon, England"
695,118ratank,
696,662ronaldb,
697,Jack-miller5,
698,jonlR7965XB,Kuwait City
699,I756NFfatimaf,
700,150nataliab,"Larnaca, Larnaka District"
701,vrm0758,"Navi Mumbai, Maharashtra"
702,stellaf849,Kuwait City
703,luisbah,Manama
704,49PeterR,
705,mohamednC1583BG,Bahrain
706,429leef,"County Durham, England"
707,M680GStimr,
708,680zulr,"Kuala Lumpur, Wilayah Persekutuan"
709,Journey04773167687,Kuwait City
710,matsr272,
711,siddharthad2023,
712,gulerkoc,
713,G9100WXvincenzop,"New York City, New York"
714,mo1012018,"Dubai, Emirate of Dubai"
715,Annie633,"Los Angeles, California"
716,Jassim_Mohd577,Qatar
717,Thebates22,"Chester, Cheshire, England"
718,CHBonner,"Huntsville, Alabama"
719,HongKongStars,"Papeete, Tahiti, Society Islands"
720,NateMarriottExplorer,"Kuala Lumpur, Wilayah Persekutuan"
721,mohdaC5722GH,
722,CheccoForgione1887,
723,22mariama,
724,DayTrip24457825287,
725,359bushram,Qatar
726,K9980AIahmadn,
727,141talalh,
728,bfbfj2024,
729,noufaT2968SF,
730,R3696XGsamira,Kuwait City
731,omazuz,Kuwait City
732,931rakeshg,"Andalous, Kuwait City"
733,sara_abdul1,"Dubai, Emirate of Dubai"
734,kennedymj25,
735,JMK-Pittsburgh,"Pittsburgh, Pennsylvania"
736,WorldWanderer1791,Malta
737,Mohammademad,"Dubai, Emirate of Dubai"
738,suniita_alvaries,"Salmiya, Hawalli Governorate"
739,dkbe,"Walldorf, Baden-Württemberg"
740,Ah_ghassan,"Salmiya, Hawalli Governorate"
741,BrianJ1711,
742,324laxmil,
743,849tannur,
744,NorthStar02701452697,Kuwait City
745,Y7230TXmichellec,
746,faima2020,"Al Ahsa, Eastern Province"
747,Coastal61537207147,"Darjeeling, Darjeeling District, West Bengal"
748,abdelsalams2024,
749,jeanniebU7800ZK,
750,TomS7953,
751,Stay48619622582,
752,jennelynn2024,
753,bayoudhi,
754,lovelye283,Doha
755,724ayishas,
756,amazinglife88,Doha
757,AmmarShaban,Manama
758,885tamerb,
759,hebaaZ4805ZV,
760,jheftycl,Doha
761,AshutoshJ101,
762,AndreasP532,
763,JanBdeW,"Dubai, Emirate of Dubai"
764,Emad_Elmadhoun,"Detroit, Michigan"
765,chopra5593,"London, England"
766,ramkumark2024,
767,697abeera,
768,Y5449BTrichardh,
769,Adel215203,"Dammam, Eastern Province"
770,Rakshen,"Durban, KwaZulu-Natal"
771,nasirmahmud,"Dubai, Emirate of Dubai"
772,424habibam,
773,maryamebrahima,
774,Cosmopolitan562378,
775,928bernadettel,
776,N4316LObenk,
777,F4209LEmohammada,
778,Pihcho,Seoul
779,BimaAtmaja23,"Riyadh, Riyadh Province"
780,BackPacker449447,
781,AMPT32691,"London, England"
782,PaulineT1432,"Dubai, Emirate of Dubai"
783,511brunos,"Maia, Porto District, Northern Portugal"
784,taK2072DA,
785,sofiamO5573QY,
786,MoniqueV937,"Dhahran, Eastern Province"
787,Basma-elhasan-89,Kuwait City
788,glecivaldo,"Frankfurt, Hesse"
789,Climber64610164372,Bahrain
790,hussainaJ9593KI,
791,Trail24970974126,
792,O7692ZIrobertw,
793,Abadi111,
794,Bashaar,"Slough, Berkshire, England"
795,S4307LHdavidc,
796,Safari40614,
797,766byronh,
798,940mujtabaa,
799,KrystynaPsss,"Montreal, Quebec"
800,K6252SOsunild,
801,baziras,
802,404abdullam,
803,NorthStar32178771978,
804,Flyer62323641169,
805,almaria2024,
806,H3436AUdanielm,"Amsterdam, North Holland Province"
807,123vikasr,
808,juancarlospL6156QE,Kuwait
809,Wander68065499186,
810,khalidaO84FW,
811,maheenf82,
812,abdulrakibk,"Mumbai, Maharashtra"
813,BackPacker488255,
814,dadgz3,"Boston, Massachusetts"
815,kiwi113SaudiArabia,
816,Mad4it01,
817,ildy_2024,
818,518abdullahw,
819,177alwine,
820,912khalidy,
821,g_rkank572,
822,Adventure438962,
823,Majda2024,
824,kayac2013,"London, England"
825,Fantastic8Member3,"Chandler’s Ford, Eastleigh, Hampshire, England"
826,aaX8857UL,"Dubai, Emirate of Dubai"
827,mohammedaQ9641YK,
828,881sultana,"Muscat, Muscat Governorate"
829,Wander32617337561,
830,Paradise648472,"Riyadh, Riyadh Province"
831,192dankm,
832,ambohare,"Sydney, New South Wales"
833,Trek55010515640,
834,hannaheC1834FD,
835,L6158GYravid,Illinois
836,Dreamer67046309445,Hong Kong
837,arunakumarbk,"Bengaluru, Bangalore District, Karnataka"
838,musajuma,Emirate of Dubai
839,sbrady2024,
840,dilnazy2023,
841,Striker77,"Glasgow, Scotland"
842,rominadarvish,"Tehran, Tehran Province"
843,katiagY2196EW,
844,sourenaa2024,
845,193olliep,
846,mohn619,
847,naya4354,
848,O693QAmariong,
849,J4365MPstefang,
850,242faridar,
851,Trail30689241540,
852,marif395,"Dubai, Emirate of Dubai"
853,LenaN507,
854,244ramya,Doha
855,O9922JZsarar,
856,RichardS069,"Melbourne, Victoria"
857,Jerrybuy,
858,markvS8587MH,
859,syeda370,"Haringey, Greater London, England"
860,MariaFelina1,"Muscat, Muscat Governorate"
861,leonevilo,"Düsseldorf, North Rhine-Westphalia"
862,WhereWildThingsAre,"Knoxville, Tennessee"
863,I388WNgabrielag,
864,radkas841,
865,Passenger55558811228,
866,229marwank,United Kingdom
867,sanjoyg2022,
868,saramB6443XV,
869,Navigate20578169824,
870,Dream16986967284,Saudi Arabia
871,Wakaplenty,"Muscat, Muscat Governorate"
872,Y8939FUlucie_,
873,solot739,
874,msY4482JY,
875,Navigate59001546923,
876,ravijohna,
877,512nss,
878,Fearless02199626193,
879,worldtravelerzzzzzz,Emirate of Dubai
880,Z8167FHthomasr,
881,va956,
882,gloriaa96,
883,N6526WTrafa_b,"Sieradz, Lodz Province, Central Poland"
884,N5165RC_,
885,josephines,United Kingdom
886,vabby-suchi,"Dubai, Emirate of Dubai"
887,Curious23702761265,Doha
888,shamoail9,Doha
889,jorren1209,"Muscat, Muscat Governorate"
890,216ljb,
891,Talalsaleem,Kuwait City
892,830marwah,
893,C1318SMlisat,
894,Stay673471,"Kronberg im Taunus, Hesse"
895,zuhairas2024,
896,jepoym2024,
897,P4175LMenricop,
898,ppO8895QL,
899,Rabiya123456,
900,381shabeerv,
901,392adamb,"Melbourne, Victoria"
902,joerG4765SF,
903,Pathan0611,
904,mail2bkumar,
905,letjasperknow,"Muscat, Muscat Governorate"
906,W165YVsureshs,
907,N5919ZPalbertv,
908,Trip59707208233,
909,Sherpa16886911209,
910,133maryannl,
911,H9624WZsamuelf,"Munich, Upper Bavaria, Bavaria"
912,divermario,"Rome, Lazio"
913,2023RoamIfIWantTo,"Milwaukee, Wisconsin"
914,RichardD586,"Meganisi, Ionian Islands"
915,totomaimartinez,"Abu Dhabi, Emirate of Abu Dhabi"
916,Cledion,"Muscat, Muscat Governorate"
917,982remelynr,
918,Trish672,"Dubai, Emirate of Dubai"
919,tattiescone,
920,JaneE604,"New York City, New York"
921,davidhughtaylor,"Melbourne, Victoria"
922,nathandthomas,"Dubai, Emirate of Dubai"
923,Cruiser45677652889,"Dubai, Emirate of Dubai"
924,AmirF43,
925,Dakles,"Southampton, Hampshire, England"
926,annazH5419NW,Kyiv
927,welewa,"Dubai, Emirate of Dubai"
928,yasirimam110,"Dubai, Emirate of Dubai"
929,V4750ZTmajar,
930,Daydream22579046490,
931,MHV1964,"Abu Dhabi, Emirate of Abu Dhabi"
932,Sag79,"Dubai, Emirate of Dubai"
933,fatmaaP6114KA,
934,arseniy_uiaa,Bogota
935,EKBizTraveller,"Nilai, Seremban District, Negeri Sembilan"
936,Pomacentrus,"Abu Dhabi, Emirate of Abu Dhabi"
937,mward93,"Abu Dhabi, Emirate of Abu Dhabi"
938,766sangeethaa,"Dubai, Emirate of Dubai"
939,Stant773,"Dubai, Emirate of Dubai"
940,duarte_reynolds,"Abu Dhabi, Emirate of Abu Dhabi"
941,ElCollector,"London, England"
942,Yummyami1127,"London, England"
943,Pish18,
944,SilkyMurjani123,"Muscat, Muscat Governorate"
945,wimdegroote1,"Bruges, West Flanders Province"
946,Tonyzac17,"Muscat, Muscat Governorate"
947,Greenharm,"Haarlem, North Holland Province"
948,ALom1209,"Dubai, Emirate of Dubai"
949,Navigate45988364193,"Riyadh, Riyadh Province"
950,N7908DGsamb,
951,Lesleydxb,United Arab Emirates
952,m_a_khalil,
953,EMEMIRIS,
954,WonderfulWorld59,"Lee's Summit, Missouri"
955,R4692BZmikec,"Atlanta, Georgia"
956,PutneyTraveller_10,"London, England"
957,lottee2015,"Copenhagen, Zealand"
958,jacobaH8897TZ,"Muscat, Muscat Governorate"
959,DirkW107,"Alexandra Headland, Sunshine Coast, Queensland"
960,pjmoorhouse,"Bergen, Hordaland, Western Norway"
961,GPTNT,"Abu Dhabi, Emirate of Abu Dhabi"
962,Traveller839,"Brisbane, Brisbane Region, Queensland"
963,MStJB,"York, North Yorkshire, England"
964,dominikazarkowska,"Szczecin, Western Pomerania Province, Western Poland"
965,SheilaT1285,
966,za738222,"San Francisco, California"
967,bemerode,"Victoria, Mahe Island"
968,MarkB186338,"London, England"
969,TheShake69,"London, England"
970,elyza180,"Antwerp, Antwerp Province"
971,blsnwbrdr,"Washington DC, District of Columbia"
972,814derynh,"Waterlooville, Hampshire, England"
973,Wandiemoo,"Canberra, Australian Capital Territory"
974,cuteladyBaluch,Muscat Governorate
975,dipanjandebnath,Emirate of Dubai
976,TimFP,
977,Neleworld,"Waldshut-Tiengen, Baden-Württemberg"
978,Tin100tin,"Los Angeles, California"
979,Mogeltoft,"Copenhagen, Zealand"
980,724iulianab,
981,300andreasm,Switzerland
982,totuccio83,
983,Fahad_S_Al_Harthi,"Seeb, Muscat Governorate"
984,smrwahibi,"Muscat, Muscat Governorate"
985,maxkF1451WT,
986,Capisce,"North Vancouver, British Columbia"
987,Q8343XTjeffw,"Marchwood, Hampshire, England"
988,722imrank,"Muscat, Muscat Governorate"
989,Georgina_Gillender,"London, England"
990,genevielyg2024,"Muscat, Muscat Governorate"
991,76aymans,
992,Dream-Travel73,
993,Alena_Msc,"Moscow, Central Russia"
994,Midgemight,
995,roscoeroo,"Antrim, County Antrim, Northern Ireland"
996,guy990,"Leuven, Flemish Brabant Province"
997,UJG,"Glasgow, Scotland"
998,sandrinami,"Milan, Lombardy"
999,wakina2018,"Chicago, Illinois"
1000,veronikakl84,
1001,MartineNL,"Dordrecht, South Holland Province"
1002,L7710GMdeepaks,
1003,khalidalmahruqi,"Muscat, Muscat Governorate"
1004,sidhants619,
1005,997premc,
1006,tobiass853,
1007,marcotY4302WM,
1008,mohsina327,"Muscat, Muscat Governorate"
1009,lermieh2023,
1010,KathyV305,"Dendermonde, East Flanders Province"
1011,janmL7970MW,"Al Ain, Emirate of Abu Dhabi"
1012,801Julia365,"Newcastle upon Tyne, Tyne and Wear, England"
1013,760mea,"Al Ain, Emirate of Abu Dhabi"
1014,franzwar2016,"Dubai, Emirate of Dubai"
1015,kirtanshah,"Mumbai, Maharashtra"
1016,jangjae,"Abu Dhabi, Emirate of Abu Dhabi"
1017,Mary_jean2018,Al Buraimi Governorate
1018,244hazim,"Sohar, Al Batinah Governorate"
1019,mairaq2024,
1020,F3035UApauld,"Muscat, Muscat Governorate"
1021,Anya_Mal,
1022,mrx2abdo,
1023,alihamoudalhinai,"Muscat, Muscat Governorate"
1024,Dreamer40200343340,
1025,8Eight88,
1026,Maha_reviews,
1027,PietroDallavia,"Cumbria, England"
1028,FHDDXB,"Dubai, Emirate of Dubai"
1029,patraoRS,"Dubai, Emirate of Dubai"
1030,ThomasArabia,"Abu Dhabi, Emirate of Abu Dhabi"
1031,graceaudreyv,
1032,SinbadSam,Doha
1033,keiraned,"Riyadh, Riyadh Province"
1034,Stay591978,
1035,jhazcher,"Dubai, Emirate of Dubai"
1036,clareem2961,"Dubai, Emirate of Dubai"
1037,jamaloman,"Muscat, Muscat Governorate"
1038,MadamMinchin,"Makati, Metro Manila, Luzon"
1039,OmaExplorer,
1040,vnessa072019,"Dubai, Emirate of Dubai"
1041,sunseb,"Kochi (Cochin), Ernakulam District, Kerala"
1042,Wanderer597841,
1043,649murshida,
1044,Pioneer38456906652,"Athens, Attica"
1045,Escape43754078280,
1046,Resort60409525899,"Genoa, Italian Riviera, Liguria"
1047,IbrahemA338,
1048,Trek23445103624,
1049,897shijuj,
1050,Trail12232962984,
1051,540akshayr,"New York City, New York"
1052,umeshk2022,
1053,Atholr,
1054,Catweazle1664,United Kingdom
1055,ilias587,"Chennai (Madras), Chennai District, Tamil Nadu"
1056,ridipo,"Abu Dhabi, Emirate of Abu Dhabi"
1057,Adventure808782,"Dubai, Emirate of Dubai"
1058,Climber563855,
1059,shah20242024,"London, England"
1060,526sanjayp,"Muscat, Muscat Governorate"
1061,X4034YVphillipb,
1062,alaric757,
1063,roosterza,"London, England"
1064,mikepI11RA,"South Wales, Wales"
1065,GreyNomad2014,"Jannali, Sutherland Shire, Greater Sydney, New South Wales"
1066,849davideg,
1067,Joiefull,"Muscat, Muscat Governorate"
1068,TreeNet,
1069,traveller1968,Vienna
1070,lauramtorino,"Turin, Province of Turin, Piedmont"
